"id","pred"
"10-36",0.0553506833966821
"264-34",0.101706903893501
"97-55",0.133728752378374
"299-28",0.494946452556178
"127-25",0.522130203898996
"188-58",0.782107077306136
"145-9",0.0849354241508991
"72-5",0.186026753857732
"95-33",0.914861720288172
"286-69",0.662853024434298
